date,ticker,shares,buy_price,buy_value
2015-08-31,TORNTPHARM,62,803.5,49817.0
2015-08-31,GRANULES,403,123.94999694824219,49951.8487701416
2015-08-31,DIVISLAB,42,1182.050048828125,49646.10205078125
2015-08-31,GLENMARK,43,1154.800048828125,49656.402099609375
2015-08-31,LAOPALA,176,283.375,49874.0
2015-08-31,INTELLECT,315,158.3123321533203,49868.3846282959
2015-08-31,OFSS,12,4145.64990234375,49747.798828125
2015-08-31,HIMATSEIDE,271,184.35000610351562,49958.851654052734
2015-08-31,WELSPUNLIV,647,77.18499755859375,49938.693420410156
2015-08-31,CHENNPETRO,216,230.89999389648438,49874.398681640625
2015-08-31,CEATLTD,45,1097.5,49387.5
2015-08-31,JUBLPHARMA,186,268.0191650390625,49851.564697265625
2015-08-31,BRITANNIA,34,1464.9749755859375,49809.149169921875
2015-08-31,TATAELXSI,54,919.2249755859375,49638.148681640625
2015-08-31,DCAL,450,111.0,49950.0
2015-08-31,NILKAMAL,48,1020.5,48984.0
2015-08-31,RAJESHEXPO,98,506.5,49637.0
2015-08-31,ASHOKLEY,1107,45.150001525878906,49981.05168914795
2015-08-31,DRREDDY,58,860.530029296875,49910.74169921875
2015-08-31,GHCL,433,115.44999694824219,49989.84867858887
2015-09-30,MARUTI,11,4685.60009765625,51541.60107421875
2015-09-30,AUROPHARMA,68,769.2000122070312,52305.600830078125
2015-09-30,CUMMINSIND,48,1095.4000244140625,52579.201171875
2015-09-30,ZEEL,134,392.45001220703125,52588.30163574219
2015-09-30,ZYDUSLIFE,125,418.3399963378906,52292.49954223633
2015-09-30,MARKSANS,506,103.8499984741211,52548.09922790527
2015-09-30,SAMMAANCAP,74,707.8048706054688,52377.56042480469
2015-10-30,ESCORTS,280,176.1999969482422,49335.99914550781
2015-10-30,COFORGE,437,113.1500015258789,49446.55066680908
2015-10-30,NIITLTD,527,93.75,49406.25
2015-10-30,RUSHIL,2178,22.713306427001953,49469.581398010254
2015-10-30,INTELLECT,211,233.4404296875,49255.9306640625
2015-11-30,MARUTI,10,4555.0,45550.0
2015-11-30,LICHSGFIN,100,484.6499938964844,48464.99938964844
2015-11-30,ARVIND,405,120.01893615722656,48607.66914367676
2015-11-30,GODFRYPHLP,103,471.8999938964844,48605.69937133789
2015-11-30,ZEEL,119,408.1499938964844,48569.84927368164
2015-11-30,RCOM,642,75.80000305175781,48663.601959228516
2015-11-30,BEL,1281,37.995452880859375,48672.17514038086
2015-11-30,STAR,37,1288.6044921875,47678.3662109375
2015-11-30,PETRONET,415,117.125,48606.875
2015-11-30,IDBI,520,93.55000305175781,48646.00158691406
2015-11-30,INDUSINDBK,52,935.25,48633.0
2015-12-31,VAKRANGEE,606,81.29891967773438,49267.14532470703
2015-12-31,MOREPENLAB,1309,37.650001525878906,49283.85199737549
2015-12-31,JAMNAAUTO,1765,27.920000076293945,49278.80013465881
2015-12-31,TITAGARH,301,163.5500030517578,49228.5509185791
2015-12-31,NIITLTD,497,99.05000305175781,49227.85151672363
2015-12-31,NILKAMAL,39,1253.699951171875,48894.298095703125
2015-12-31,BIOCON,570,86.3499984741211,49219.49913024902
2015-12-31,BAJFINANCE,820,60.0994987487793,49281.58897399902
2015-12-31,VEEDOL,35,1394.6700439453125,48813.45153808594
2015-12-31,NATCOPHARM,85,579.2999877929688,49240.498962402344
2016-01-29,GENUSPOWER,861,57.20000076293945,49249.20065689087
2016-01-29,JSWSTEEL,466,105.70500183105469,49258.530853271484
2016-01-29,IGL,880,55.98500061035156,49266.800537109375
2016-01-29,DIVISLAB,43,1140.949951171875,49060.847900390625
2016-01-29,HFCL,2363,20.850000381469727,49268.550901412964
2016-01-29,BALRAMCHIN,553,88.94999694824219,49189.34831237793
2016-01-29,TORNTPOWER,210,234.0,49140.0
2016-02-29,MARICO,174,236.75,41194.5
2016-02-29,ASIANPAINT,48,846.0999755859375,40612.798828125
2016-02-29,APOLLOHOSP,28,1463.8499755859375,40987.79931640625
2016-02-29,INFY,76,542.0250244140625,41193.90185546875
2016-02-29,TVSMOTOR,154,268.1499938964844,41295.099060058594
2016-02-29,RELIANCE,186,220.95993041992188,41098.54705810547
2016-02-29,PIDILITIND,140,293.32501220703125,41065.501708984375
2016-03-31,POWERGRID,531,78.24376678466797,41547.44016265869
2016-03-31,RAJESHEXPO,66,621.0999755859375,40992.598388671875
2016-03-31,HINDZINC,226,183.60000610351562,41493.60137939453
2016-03-31,BALRAMCHIN,385,107.8499984741211,41522.24941253662
2016-03-31,ASHOKLEY,765,54.29999923706055,41539.49941635132
2016-03-31,RIIL,95,434.04998779296875,41234.74884033203
2016-03-31,TORNTPOWER,179,231.89999389648438,41510.0989074707
2016-03-31,HAVELLS,129,321.3500061035156,41454.150787353516
2016-03-31,HEROMOTOCO,14,2945.699951171875,41239.79931640625
2016-04-29,TATASTEEL,1334,33.450584411621094,44623.07960510254
2016-04-29,BODALCHEM,493,90.44999694824219,44591.8484954834
2016-04-29,BIOCON,457,97.56666564941406,44587.96620178223
2016-04-29,GRASIM,70,630.59814453125,44141.8701171875
2016-04-29,GODREJCP,101,440.54998779296875,44495.548767089844
2016-04-29,RELINFRA,82,538.5499877929688,44161.09899902344
2016-04-29,YESBANK,236,188.58999633789062,44507.23913574219
2016-05-31,MANAPPURAM,804,53.650001525878906,43134.60122680664
2016-05-31,PEL,52,815.166259765625,42388.6455078125
2016-05-31,SHRIRAMFIN,187,230.0252685546875,43014.72521972656
2016-05-31,RUSHIL,1509,28.587705612182617,43138.84776878357
2016-05-31,HDIL,444,97.19999694824219,43156.79864501953
2016-05-31,INDUSINDBK,39,1102.8499755859375,43011.14904785156
2016-05-31,PIDILITIND,122,353.125,43081.25
2016-05-31,M&MFIN,220,196.04818725585938,43130.60119628906
2016-06-30,CHOLAFIN,235,189.7100067138672,44581.85157775879
2016-06-30,POWERGRID,486,91.7437744140625,44587.474365234375
2016-06-30,DHAMPURSUG,367,121.25,44498.75
2016-06-30,IGL,710,62.755001068115234,44556.05075836182
2016-06-30,KIRIINDUS,116,381.8999938964844,44300.39929199219
2016-06-30,PRICOLLTD,613,72.76312255859375,44603.79412841797
2016-06-30,ACC,27,1616.050048828125,43633.351318359375
2016-06-30,MUTHOOTFIN,152,293.04998779296875,44543.59814453125
2016-07-29,ESCORTS,183,262.5,48037.5
2016-07-29,ASIANPAINT,43,1114.1500244140625,47908.45104980469
2016-07-29,HINDPETRO,257,186.91851806640625,48038.059143066406
2016-07-29,VEDL,292,164.64999389648438,48077.79821777344
2016-07-29,BAJAJFINSV,176,272.3900146484375,47940.642578125
2016-07-29,SHREECEM,2,16110.25,32220.5
2016-07-29,GHCL,211,228.3000030517578,48171.3006439209
2016-07-29,SUDARSCHEM,152,315.25,47918.0
2016-08-31,PEL,51,1036.64111328125,52868.69677734375
2016-08-31,INDIANB,235,224.9499969482422,52863.249282836914
2016-08-31,IGL,659,80.11499786376953,52795.78359222412
2016-08-31,SRF,153,344.29998779296875,52677.89813232422
2016-08-31,DELTACORP,341,154.85000610351562,52803.85208129883
2016-08-31,HINDALCO,332,159.25,52871.0
2016-08-31,EDELWEISS,844,62.59198760986328,52827.63754272461
2016-08-31,PETRONET,300,175.9250030517578,52777.500915527344
2016-08-31,SUNDRMFAST,181,291.6000061035156,52779.60110473633
2016-08-31,INDIACEM,352,149.8000030517578,52729.60107421875
2016-09-30,CHOLAFIN,220,231.47000122070312,50923.40026855469
2016-09-30,MARUTI,9,5477.2998046875,49295.6982421875
2016-09-30,BPL,615,83.05000305175781,51075.751876831055
2016-09-30,IOC,526,97.08333587646484,51065.83467102051
2016-09-30,BODALCHEM,356,143.14999389648438,50961.39782714844
2016-09-30,ABREL,54,943.0499877929688,50924.69934082031
2016-09-30,IDFCFIRSTB,639,79.8499984741211,51024.14902496338
2016-09-30,APTECHT,452,113.0,51076.0
2016-09-30,HINDPETRO,271,188.42222595214844,51062.42323303223
2016-09-30,AJANTPHARM,38,1338.066650390625,50846.53271484375
2016-10-28,GNFC,214,280.79998779296875,60091.19738769531
2016-10-28,VAKRANGEE,512,117.47577667236328,60147.59765625
2016-10-28,JUBLPHARMA,116,517.3148803710938,60008.526123046875
2016-10-28,JISLJALEQS,559,107.5,60092.5
2016-10-28,TIRUMALCHM,691,87.0999984741211,60186.098945617676
2016-10-28,TVSMOTOR,148,405.0,59940.0
2016-10-28,INDIACEM,383,157.0500030517578,60150.15116882324
2016-11-30,MOIL,264,188.0500030517578,49645.20080566406
2016-11-30,TATACOMM,121,408.5209655761719,49431.0368347168
2016-11-30,INDIANB,195,253.75,49481.25
2016-11-30,PNBGILTS,930,53.349998474121094,49615.49858093262
2016-11-30,RECLTD,483,102.67500305175781,49592.02647399902
2016-11-30,ONGC,257,192.60000610351562,49498.201568603516
2016-11-30,VEDL,216,229.85000610351562,49647.601318359375
2016-11-30,HINDZINC,175,282.6000061035156,49455.001068115234
2016-11-30,INFIBEAM,1993,24.90542221069336,49636.506465911865
2016-11-30,HINDALCO,282,175.75,49561.5
2016-12-30,NMDC,1488,31.616825103759766,47045.83575439453
2016-12-30,HCC,1320,35.61729431152344,47014.82849121094
2016-12-30,NATIONALUM,720,65.30000305175781,47016.002197265625
2016-12-30,DATAMATICS,366,128.5,47031.0
2016-12-30,GAIL,571,82.35004425048828,47021.87526702881
2016-12-30,TVSELECT,248,189.5,46996.0
2016-12-30,OIL,312,150.70004272460938,47018.413330078125
2016-12-30,ENGINERSIN,311,151.0,46961.0
2017-01-31,POWERGRID,436,116.5500259399414,50815.81130981445
2017-01-31,DWARKESH,1274,39.8650016784668,50788.0121383667
2017-01-31,STLTECH,407,124.80000305175781,50793.60124206543
2017-01-31,CESC,766,66.26692962646484,50760.46809387207
2017-01-31,BEL,1089,46.666664123535156,50819.997230529785
2017-01-31,HINDALCO,267,189.9499969482422,50716.649185180664
2017-01-31,SWANENERGY,297,171.0500030517578,50801.85090637207
2017-02-28,ESCORTS,118,449.04998779296875,52987.89855957031
2017-02-28,VENKEYS,61,858.5499877929688,52371.549255371094
2017-02-28,LTF,491,108.31177520751953,53181.08162689209
2017-02-28,GAIL,549,96.9188003540039,53208.421394348145
2017-02-28,DCBBANK,341,156.0,53196.0
2017-02-28,NFL,685,77.5999984741211,53155.99895477295
2017-02-28,NILKAMAL,27,1931.199951171875,52142.398681640625
2017-02-28,APTECHT,317,167.42857360839844,53074.857833862305
2017-02-28,HDFCBANK,153,347.5249938964844,53171.32406616211
2017-02-28,JINDALSTEL,424,125.44999694824219,53190.79870605469
2017-02-28,BAJAJFINSV,135,391.4150085449219,52841.02615356445
2017-02-28,CHENNPETRO,140,379.8500061035156,53179.00085449219
2017-02-28,YESBANK,183,290.5400085449219,53168.8215637207
2017-03-31,VIPIND,293,197.89999389648438,57984.69821166992
2017-03-31,DHANI,994,58.340843200683594,57990.79814147949
2017-03-31,RCF,709,81.75,57960.75
2017-03-31,BBTC,67,853.3499755859375,57174.44836425781
2017-03-31,DHAMPURSUG,267,216.85000610351562,57898.95162963867
2017-03-31,RECLTD,427,135.75,57965.25
2017-03-31,KEC,278,208.60000610351562,57990.801696777344
2017-03-31,FEDERALBNK,634,91.44999694824219,57979.29806518555
2017-03-31,EDELWEISS,680,85.23969268798828,57962.99102783203
2017-03-31,INDUSINDBK,40,1425.1500244140625,57006.0009765625
2017-03-31,NATCOPHARM,68,849.2000122070312,57745.600830078125
2017-03-31,BOMDYEING,699,83.0,58017.0
2017-03-31,RAIN,529,109.5999984741211,57978.39919281006
2017-04-28,PEL,42,1407.5325927734375,59116.368896484375
2017-04-28,BANKINDIA,318,186.8000030517578,59402.400970458984
2017-04-28,BEL,1072,55.43939208984375,59431.0283203125
2017-04-28,GICHSGFIN,118,500.8999938964844,59106.199279785156
2017-04-28,JAYBARMARU,499,119.05000305175781,59405.95152282715
2017-04-28,CANFINHOME,113,523.4500122070312,59149.85137939453
2017-04-28,SUNTV,64,921.75,58992.0
2017-04-28,JMFINANCIL,514,115.55000305175781,59392.701568603516
2017-04-28,ITI,516,115.1500015258789,59417.400787353516
2017-05-31,MARUTI,8,7211.0,57688.0
2017-05-31,LICHSGFIN,81,734.0999755859375,59462.09802246094
2017-05-31,AVANTIFEED,127,467.1833190917969,59332.2815246582
2017-05-31,SHAKTIPUMP,880,67.57499694824219,59465.997314453125
2017-05-31,KOTAKBANK,61,966.0499877929688,58929.049255371094
2017-05-31,SOUTHBANK,2113,28.149999618530273,59480.94919395447
2017-05-31,MOTILALOFS,57,1031.300048828125,58784.102783203125
2017-05-31,RAJESHEXPO,91,650.75,59218.25
2017-05-31,KEC,228,259.95001220703125,59268.602783203125
2017-05-31,OMAXE,296,200.5500030517578,59362.80090332031
2017-05-31,TVSMOTOR,110,538.2999877929688,59212.99865722656
2017-05-31,MOTHERSON,1087,54.710140228271484,59469.9224281311
2017-05-31,SAMMAANCAP,57,1034.5423583984375,58968.91442871094
2017-05-31,GODREJIND,98,604.5499877929688,59245.89880371094
2017-05-31,ADFFOODS,1085,54.779998779296875,59436.29867553711
2017-06-30,CEATLTD,33,1795.0,59235.0
2017-06-30,VENKEYS,35,1698.6500244140625,59452.75085449219
2017-06-30,LTF,452,134.2154541015625,60665.38525390625
2017-06-30,IIFL,184,328.7738342285156,60494.385498046875
2017-06-30,MEP,548,110.69999694824219,60663.59832763672
2017-06-30,PCBL,994,61.060001373291016,60693.64136505127
2017-06-30,BEPL,1346,45.06666564941406,60659.73196411133
2017-06-30,KARURVYSYA,594,102.12969207763672,60665.03709411621
2017-06-30,GOACARBON,234,258.75,60547.5
2017-07-31,MOTHERSON,1076,59.19696807861328,63695.93765258789
2017-07-31,GRAPHITE,309,205.9499969482422,63638.549057006836
2017-07-31,HINDUNILVR,55,1155.75,63566.25
2017-07-31,KEC,209,304.6000061035156,63661.401275634766
2017-07-31,JINDALSTEL,415,153.39999389648438,63660.997467041016
2017-07-31,BAJFINANCE,374,170.30999755859375,63695.93908691406
2017-07-31,NOCIL,441,144.39999389648438,63680.39730834961
2017-07-31,PRAKASH,517,123.11488342285156,63650.39472961426
2017-07-31,RELIANCE,172,369.2075500488281,63503.69860839844
2017-07-31,INDUSINDBK,38,1645.75,62538.5
2017-08-31,DWARKESH,980,66.44999694824219,65120.997009277344
2017-08-31,DBL,107,604.0499877929688,64633.348693847656
2017-08-31,HEG,472,137.82000732421875,65051.04345703125
2017-08-31,BOMDYEING,567,114.8499984741211,65119.94913482666
2017-08-31,PCBL,919,70.81500244140625,65078.987243652344
2017-08-31,GRASIM,54,1190.4664306640625,64285.187255859375
2017-08-31,EDELWEISS,487,133.64308166503906,65084.18077087402
2017-08-31,RAIN,457,142.39999389648438,65076.79721069336
2017-08-31,AVANTIFEED,105,615.816650390625,64660.748291015625
2017-09-29,MARUTI,8,7978.2001953125,63825.6015625
2017-09-29,FEL,1297,51.099998474121094,66276.69802093506
2017-09-29,BBTC,51,1286.9000244140625,65631.90124511719
2017-09-29,STLTECH,296,223.64999389648438,66200.39819335938
2017-09-29,JBMA,602,110.11000061035156,66286.22036743164
2017-09-29,HSCL,474,139.75,66241.5
2017-09-29,IGL,450,147.19000244140625,66235.50109863281
2017-09-29,MOTILALOFS,51,1286.699951171875,65621.69750976562
2017-09-29,TIRUMALCHM,449,147.5399932861328,66245.45698547363
2017-09-29,TVSMOTOR,100,657.0499877929688,65704.99877929688
2017-09-29,KEI,203,325.1000061035156,65995.30123901367
2017-10-31,SAREGAMA,1098,65.74176788330078,72184.46113586426
2017-10-31,DBL,84,853.0999755859375,71660.39794921875
2017-10-31,TATASTEEL,1076,67.05360412597656,72149.67803955078
2017-10-31,GUJALKALI,92,782.2000122070312,71962.40112304688
2017-10-31,BEPL,776,92.96666717529297,72142.13372802734
2017-10-31,V2RETAIL,140,513.7999877929688,71931.99829101562
2017-10-31,BATAINDIA,89,811.0999755859375,72187.89782714844
2017-10-31,GOACARBON,95,756.2000122070312,71839.00115966797
2017-10-31,RAIN,266,270.8500061035156,72046.10162353516
2017-10-31,AVANTIFEED,76,940.4833374023438,71476.73364257812
2017-11-30,UNOMINDA,355,206.2291259765625,73211.33972167969
2017-11-30,VIPIND,205,357.1499938964844,73215.7487487793
2017-11-30,BRITANNIA,30,2407.800048828125,72234.00146484375
2017-11-30,MIRCELECTR,1349,54.25,73183.25
2017-11-30,BFINVEST,186,393.3999938964844,73172.3988647461
2017-11-30,TATACONSUM,255,287.1000061035156,73210.50155639648
2017-11-30,INDIAGLYCO,325,225.125,73165.625
2017-12-29,MARUTI,9,9729.5498046875,87565.9482421875
2017-12-29,PURVA,568,167.14999389648438,94941.19653320312
2017-12-29,TIRUMALCHM,432,219.39500427246094,94778.64184570312
2017-12-29,GPIL,1106,85.8125,94908.625
2017-12-29,JINDALSTEL,463,205.0500030517578,94938.15141296387
2017-12-29,JUBLFOOD,539,176.11000061035156,94923.29032897949
2017-12-29,PRAKASH,560,169.4019317626953,94865.08178710938
2017-12-29,TVSMOTOR,123,770.7000122070312,94796.10150146484
2017-12-29,RADICO,323,293.8999938964844,94929.69802856445
2017-12-29,TITAN,110,858.1500244140625,94396.50268554688
2018-01-31,DEEPAKNTR,333,278.1000061035156,92607.3020324707
2018-01-31,ACE,538,172.0500030517578,92562.9016418457
2018-01-31,COFORGE,541,171.22999572753906,92635.42768859863
2018-01-31,MPHASIS,103,894.8499755859375,92169.54748535156
2018-01-31,SUNTECK,219,422.3500061035156,92494.65133666992
2018-01-31,ADANIENT,798,116.17294311523438,92706.00860595703
2018-01-31,PCBL,768,120.68000030517578,92682.240234375
2018-01-31,PCJEWELLER,1910,48.53499984741211,92701.84970855713
2018-02-28,LTIM,69,1440.0999755859375,99366.89831542969
2018-02-28,VENKEYS,25,3924.25,98106.25
2018-02-28,JSWSTEEL,321,312.20001220703125,100216.20391845703
2018-02-28,STLTECH,279,359.3500061035156,100258.65170288086
2018-02-28,KEC,241,415.25,100075.25
2018-02-28,BIOCON,318,315.0249938964844,100177.94805908203
2018-02-28,INFY,171,586.2999877929688,100257.29791259766
2018-02-28,PRAKASH,553,181.16835021972656,100186.09767150879
2018-02-28,BOMDYEING,387,258.6499938964844,100097.54763793945
2018-02-28,BSOFT,746,134.33465576171875,100213.65319824219
2018-03-28,CHOLAFIN,307,290.0899963378906,89057.62887573242
2018-03-28,DBL,88,1003.2999877929688,88290.39892578125
2018-03-28,BRITANNIA,35,2485.300048828125,86985.50170898438
2018-03-28,BAJAJELEC,172,517.926025390625,89083.2763671875
2018-03-28,TECHM,139,638.7000122070312,88779.30169677734
2018-03-28,MASTEK,168,530.5,89124.0
2018-03-28,ASHOKLEY,1225,72.7249984741211,89088.12313079834
2018-03-28,DMART,67,1324.800048828125,88761.60327148438
2018-03-28,GRAPHITE,122,726.0999755859375,88584.19702148438
2018-03-28,TITAN,94,942.2999877929688,88576.19885253906
2018-04-30,HINDUNILVR,64,1508.9000244140625,96569.6015625
2018-04-30,DHANI,200,482.1499938964844,96429.99877929688
2018-04-30,SHAKTIPUMP,818,118.0250015258789,96544.45124816895
2018-04-30,TCS,54,1766.050048828125,95366.70263671875
2018-04-30,SRF,201,478.489990234375,96176.48803710938
2018-04-30,PGHL,45,2121.699951171875,95476.49780273438
2018-04-30,NESTLEIND,205,469.8275146484375,96314.64050292969
2018-04-30,PIDILITIND,177,543.0999755859375,96128.69567871094
2018-05-31,GRAPHITE,100,888.4500122070312,88845.00122070312
2018-05-31,KOTAKBANK,67,1334.5999755859375,89418.19836425781
2018-05-31,DABUR,233,383.29998779296875,89308.89715576172
2018-05-31,FSL,1232,72.6500015258789,89504.80187988281
2018-05-31,COLPAL,71,1259.699951171875,89438.69653320312
2018-05-31,TECHM,125,712.3499755859375,89043.74694824219
2018-05-31,M&M,97,922.9500122070312,89526.15118408203
2018-06-29,VIPIND,226,426.20001220703125,96321.20275878906
2018-06-29,PAGEIND,3,27814.25,83442.75
2018-06-29,TCS,52,1847.75,96083.0
2018-06-29,INFY,147,653.5999755859375,96079.19641113281
2018-06-29,BAJFINANCE,420,229.63499450683594,96446.6976928711
2018-07-31,RELIANCE,217,542.1992797851562,117657.2437133789
2018-07-31,ASIANPAINT,81,1451.4000244140625,117563.40197753906
2018-07-31,LTIM,62,1872.9000244140625,116119.80151367188
2018-07-31,BATAINDIA,129,908.9000244140625,117248.10314941406
2018-08-31,TORNTPHARM,120,906.4000244140625,108768.0029296875
2018-08-31,SUNTECK,215,508.79998779296875,109391.99737548828
2018-08-31,INFIBEAM,2299,47.60578918457031,109445.70933532715
2018-08-31,PGHL,31,3512.050048828125,108873.55151367188
2018-08-31,PFIZER,30,3621.300048828125,108639.00146484375
2018-08-31,HAVELLS,150,725.25,108787.5
2018-09-28,UBL,80,1357.3499755859375,108587.998046875
2018-09-28,AXISBANK,179,613.25,109771.75
2018-09-28,LTIM,57,1917.0,109269.0
2018-09-28,JSWSTEEL,287,381.6499938964844,109533.54824829102
2018-09-28,ITC,369,297.75,109869.75
2018-09-28,DIVISLAB,83,1310.9000244140625,108804.70202636719
2018-09-28,MPHASIS,93,1173.25,109112.25
2018-09-28,ADANIENT,841,130.60000610351562,109834.60513305664
2018-09-28,TECHM,147,745.5,109588.5
2018-09-28,SUVEN,8764,12.535740852355957,109863.23283004761
2018-09-28,HCLTECH,202,543.9000244140625,109867.80493164062
2018-09-28,LTTS,63,1736.25,109383.75
2018-10-31,AUROPHARMA,126,791.5499877929688,99735.29846191406
2018-10-31,ICICIBANK,281,355.0,99755.0
2018-10-31,HEG,117,854.3900146484375,99963.63171386719
2018-10-31,BIOCON,303,329.5,99838.5
2018-10-31,NAUKRI,316,315.7900085449219,99789.64270019531
2018-10-31,WIPRO,805,124.20002746582031,99981.02210998535
2018-10-31,INTELLECT,398,251.10000610351562,99937.80242919922
2018-10-31,GRAPHITE,105,951.6500244140625,99923.25256347656
2018-10-31,NESTLEIND,197,507.3924865722656,99956.31985473633
2018-10-31,HAVELLS,154,645.7999877929688,99453.19812011719
2018-11-30,UBL,79,1239.9000244140625,97952.10192871094
2018-11-30,AXISBANK,157,625.75,98242.75
2018-11-30,ADANIPOWER,8879,11.100000381469727,98556.9033870697
2018-11-30,GLENMARK,150,653.1500244140625,97972.50366210938
2018-11-30,APOLLOHOSP,77,1264.800048828125,97389.60375976562
2018-11-30,BOSCHLTD,5,18973.25,94866.25
2018-11-30,HCLTECH,194,507.5,98455.0
2018-11-30,MUTHOOTFIN,217,452.6000061035156,98214.20132446289
2018-12-31,MARICO,266,373.3999938964844,99324.39837646484
2018-12-31,ABFRL,499,199.605712890625,99603.25073242188
2018-12-31,CUMMINSIND,117,849.7000122070312,99414.90142822266
2018-12-31,COLPAL,74,1343.550048828125,99422.70361328125
2018-12-31,SRF,249,399.92999267578125,99582.56817626953
2018-12-31,HAVELLS,144,691.5,99576.0
2018-12-31,LT,69,1437.550048828125,99190.95336914062
2018-12-31,PFC,1160,85.87999725341797,99620.79681396484
2018-12-31,UPL,197,505.5,99583.5
2018-12-31,NESTLEIND,179,554.2424926757812,99209.40618896484
2018-12-31,ICICIGI,115,864.4500122070312,99411.7514038086
2019-01-31,UBL,69,1428.800048828125,98587.20336914062
2019-01-31,AXISBANK,138,722.7000122070312,99732.60168457031
2019-01-31,TORNTPHARM,109,909.4000244140625,99124.60266113281
2019-01-31,ASIANPAINT,70,1412.5999755859375,98881.99829101562
2019-01-31,DABUR,224,443.6499938964844,99377.5986328125
2019-01-31,GODFRYPHLP,322,309.76666259765625,99744.86535644531
2019-01-31,IOLCP,2460,40.540000915527344,99728.40225219727
2019-01-31,NAUKRI,285,349.4700012207031,99598.95034790039
2019-02-28,COFORGE,354,264.1400146484375,93505.56518554688
2019-02-28,DHAMPURSUG,392,238.60000610351562,93531.20239257812
2019-02-28,RECLTD,916,102.26249694824219,93672.44720458984
2019-02-28,SRF,204,459.0299987792969,93642.11975097656
2019-02-28,BALRAMCHIN,715,131.0,93665.0
2019-02-28,TECHM,112,830.1500244140625,92976.802734375
2019-02-28,PFC,1045,89.72000122070312,93757.40127563477
2019-02-28,ICICIGI,100,931.1500244140625,93115.00244140625
2019-02-28,TITAN,91,1025.199951171875,93293.19555664062
2019-03-28,MANAPPURAM,802,126.19999694824219,101212.39755249023
2019-03-28,KAJARIACER,175,576.7000122070312,100922.50213623047
2019-03-28,ASIANPAINT,67,1497.0,100299.0
2019-03-28,GODFRYPHLP,267,378.8166809082031,101144.05380249023
2019-03-28,ICICIBANK,252,400.54998779296875,100938.59692382812
2019-03-28,DCBBANK,493,204.9499969482422,101040.3484954834
2019-03-28,IPCALAB,210,479.7749938964844,100752.74871826172
2019-03-28,BAJFINANCE,337,299.5849914550781,100960.14212036133
2019-03-28,GODREJPROP,116,867.9000244140625,100676.40283203125
2019-03-28,RELIANCE,162,621.7462158203125,100722.88696289062
2019-03-28,RBLBANK,147,684.2999877929688,100592.0982055664
2019-04-30,DIVISLAB,57,1746.8499755859375,99570.44860839844
2019-04-30,TCS,44,2260.35009765625,99455.404296875
2019-04-30,HCLTECH,169,591.6749877929688,99993.07293701172
2019-04-30,TECHM,119,836.0999755859375,99495.89709472656
2019-04-30,WIPRO,671,149.27499389648438,100163.52090454102
2019-04-30,SHREECEM,5,19789.5,98947.5
2019-04-30,ICICIGI,91,1093.3499755859375,99494.84777832031
2019-05-31,AAVAS,74,1419.699951171875,105057.79638671875
2019-05-31,KOTAKBANK,69,1522.1500244140625,105028.35168457031
2019-05-31,DCMSHRIRAM,190,555.0,105450.0
2019-05-31,SBIN,299,352.5,105397.5
2019-05-31,FEDERALBNK,984,107.3499984741211,105632.39849853516
2019-05-31,JUSTDIAL,138,765.5999755859375,105652.79663085938
2019-05-31,AARTIIND,232,454.1926574707031,105372.69653320312
2019-05-31,PGHL,25,4091.050048828125,102276.25122070312
2019-05-31,NAUKRI,257,410.6600036621094,105539.62094116211
2019-05-31,BLUESTARCO,262,403.2749938964844,105658.0484008789
2019-06-28,MANAPPURAM,775,138.1999969482422,107104.9976348877
2019-06-28,ICICIBANK,245,437.1000061035156,107089.50149536133
2019-06-28,RECLTD,867,123.5999984741211,107161.19867706299
2019-06-28,HDFCAMC,51,2061.60009765625,105141.60498046875
2019-06-28,RAJESHEXPO,148,722.4000244140625,106915.20361328125
2019-06-28,BATAINDIA,74,1446.449951171875,107037.29638671875
2019-06-28,PFC,998,107.36000061035156,107145.28060913086
2019-06-28,SIEMENS,139,769.7617797851562,106996.88739013672
2019-07-31,POWERGRID,834,118.57502746582031,98891.57290649414
2019-07-31,ADANIPOWER,8112,12.199999809265137,98966.39845275879
2019-07-31,TATACONSUM,393,251.60000610351562,98878.80239868164
2019-07-31,SBILIFE,124,797.5499877929688,98896.19848632812
2019-07-31,CANFINHOME,255,387.8500061035156,98901.75155639648
2019-07-31,BALRAMCHIN,698,141.64999389648438,98871.6957397461
2019-07-31,GODREJPROP,103,952.9500122070312,98153.85125732422
2019-07-31,ICICIPRULI,246,401.75,98830.5
2019-07-31,HDFCLIFE,200,493.5,98700.0
2019-07-31,NAM-INDIA,435,227.39999389648438,98918.9973449707
2019-07-31,TORNTPOWER,324,305.29998779296875,98917.19604492188
2019-08-30,MARICO,249,391.1000061035156,97383.90151977539
2019-08-30,COFORGE,326,299.1099853515625,97509.85522460938
2019-08-30,TCS,43,2259.60009765625,97162.80419921875
2019-08-30,MCX,99,977.5,96772.5
2019-08-30,APOLLOHOSP,64,1508.1500244140625,96521.6015625
2019-08-30,IPCALAB,203,479.5249938964844,97343.57376098633
2019-08-30,BATAINDIA,63,1541.8499755859375,97136.54846191406
2019-08-30,NESTLEIND,151,643.760009765625,97207.76147460938
2019-08-30,PIDILITIND,141,688.8499755859375,97127.84655761719
2019-09-30,KOTAKBANK,59,1644.449951171875,97022.54711914062
2019-09-30,ASTRAL,151,645.665771484375,97495.53149414062
2019-09-30,IGL,557,174.85000610351562,97391.4533996582
2019-09-30,PIIND,74,1307.050048828125,96721.70361328125
2019-09-30,BHARTIARTL,270,360.28564453125,97277.1240234375
2019-09-30,GODREJPROP,93,1038.699951171875,96599.09545898438
2019-09-30,NAM-INDIA,374,260.3500061035156,97370.90228271484
2019-10-31,MANAPPURAM,571,169.35000610351562,96698.85348510742
2019-10-31,ADANIGREEN,1079,89.69999694824219,96786.29670715332
2019-10-31,COLPAL,62,1549.199951171875,96050.39697265625
2019-10-31,ADANIENT,484,199.64999389648438,96630.59704589844
2019-10-31,BAJFINANCE,240,402.7550048828125,96661.201171875
2019-10-31,DMART,48,1994.6500244140625,95743.201171875
2019-10-31,SIEMENS,99,972.1298217773438,96240.85235595703
2019-10-31,TITAN,72,1331.199951171875,95846.396484375
2019-11-29,DIXON,150,661.489990234375,99223.49853515625
2019-11-29,WHIRLPOOL,46,2142.35009765625,98548.1044921875
2019-11-29,SCI,1640,60.5,99220.0
2019-11-29,POLYCAB,107,924.25,98894.75
2019-11-29,LALPATHLAB,63,1567.9000244140625,98777.70153808594
2019-11-29,NAUKRI,188,526.75,99029.0
2019-11-29,GMRAIRPORT,5031,19.73033332824707,99263.30697441101
2019-11-29,AVANTIFEED,194,511.6000061035156,99250.40118408203
2019-12-31,MANAPPURAM,582,177.39999389648438,103246.7964477539
2019-12-31,DLF,447,230.89999389648438,103212.29727172852
2019-12-31,ICICIBANK,191,538.9000244140625,102929.90466308594
2019-12-31,GUJGASLTD,435,237.5500030517578,103334.25132751465
2019-12-31,SRF,150,687.219970703125,103082.99560546875
2019-12-31,BHARTIARTL,231,447.4000549316406,103349.41268920898
2019-12-31,HDFCLIFE,165,626.0499877929688,103298.24798583984
2019-12-31,ICICIGI,74,1386.800048828125,102623.20361328125
2020-01-31,RALLIS,504,235.4499969482422,118666.79846191406
2020-01-31,GRANULES,813,146.0500030517578,118738.6524810791
2020-01-31,COFORGE,305,388.489990234375,118489.44702148438
2020-01-31,PIIND,76,1556.8499755859375,118320.59814453125
2020-01-31,COROMANDEL,188,631.8499755859375,118787.79541015625
2020-01-31,BATAINDIA,65,1801.8499755859375,117120.24841308594
2020-01-31,JUBLFOOD,314,378.04998779296875,118707.69616699219
2020-01-31,ALKEM,49,2397.64990234375,117484.84521484375
2020-01-31,DMART,55,2133.949951171875,117367.24731445312
2020-01-31,TATACONSUM,309,383.3999938964844,118470.59811401367
2020-02-28,DEEPAKNTR,241,461.8999938964844,111317.89852905273
2020-02-28,DIVISLAB,52,2106.949951171875,109561.3974609375
2020-02-28,TRENT,151,737.2000122070312,111317.20184326172
2020-02-28,MIDHANI,449,248.14999389648438,111419.34725952148
2020-02-28,IPCALAB,163,680.6749877929688,110950.0230102539
2020-02-28,AJANTPHARM,120,923.433349609375,110812.001953125
2020-02-28,BAJFINANCE,249,446.5849914550781,111199.66287231445
2020-02-28,NAVINFLUOR,77,1430.199951171875,110125.39624023438
2020-02-28,ABBOTINDIA,7,15718.9501953125,110032.6513671875
2020-02-28,WELCORP,599,185.89999389648438,111354.09634399414
2020-02-28,NESTLEIND,141,788.9425048828125,111240.89318847656
2020-02-28,INDIAGLYCO,653,170.64999389648438,111434.4460144043
2020-02-28,MUTHOOTFIN,126,880.25,110911.5
2020-03-31,MCX,71,1124.25,79821.75
2020-03-31,TORNTPHARM,81,985.9000244140625,79857.90197753906
2020-03-31,BIOCON,295,270.54998779296875,79812.24639892578
2020-04-30,LAURUSLABS,826,102.5,84665.0
2020-04-30,DEEPAKNTR,167,506.1499938964844,84527.04898071289
2020-04-30,APLLTD,113,743.5,84015.5
2020-04-30,MIDHANI,393,215.0500030517578,84514.65119934082
2020-04-30,IOLCP,1464,57.849998474121094,84692.39776611328
2020-04-30,NAVINFLUOR,53,1573.199951171875,83379.59741210938
2020-04-30,SANOFI,10,7778.2998046875,77782.998046875
2020-04-30,AARTIIND,153,551.2000122070312,84333.60186767578
2020-04-30,PFIZER,17,4901.9501953125,83333.1533203125
2020-04-30,MUTHOOTFIN,98,862.7000122070312,84544.60119628906
2020-05-29,AUROPHARMA,123,745.6500244140625,91714.95300292969
2020-05-29,GRANULES,539,171.25,92303.75
2020-05-29,CIPLA,142,648.1500244140625,92037.30346679688
2020-05-29,JBCHEPHARM,270,341.07501220703125,92090.25329589844
2020-05-29,INDIACEM,736,125.55000305175781,92404.80224609375
2020-05-29,AARTIDRUGS,380,243.0625,92363.75
2020-06-30,DIXON,92,1151.780029296875,105963.7626953125
2020-06-30,RALLIS,393,272.29998779296875,107013.89520263672
2020-06-30,ASTRAZEN,30,3547.699951171875,106430.99853515625
2020-06-30,GUJGASLTD,336,318.25,106932.0
2020-06-30,COROMANDEL,141,755.75,106560.75
2020-06-30,BAYERCROP,18,5937.0,106866.0
2020-06-30,MUTHOOTFIN,98,1086.050048828125,106432.90478515625
2020-07-31,SYNGENE,211,487.54998779296875,102873.0474243164
2020-07-31,SEQUENT,839,122.80000305175781,103029.2025604248
2020-07-31,DEEPAKNTR,160,643.1500244140625,102904.00390625
2020-07-31,JBCHEPHARM,280,367.1000061035156,102788.00170898438
2020-07-31,DIVISLAB,39,2616.550048828125,102045.45190429688
2020-07-31,DEEPAKFERT,666,154.7498321533203,103063.38821411133
2020-07-31,RELIANCE,108,953.96630859375,103028.361328125
2020-07-31,TATACONSUM,240,428.04998779296875,102731.9970703125
2020-07-31,CDSL,590,174.5500030517578,102984.50180053711
2020-08-31,TATACOMM,143,870.6500244140625,124502.95349121094
2020-08-31,BALAMINES,157,791.5999755859375,124281.19616699219
2020-08-31,INDIAMART,67,1842.824951171875,123469.27172851562
2020-08-31,NEULANDLAB,138,899.0999755859375,124075.79663085938
2020-08-31,ADANIGREEN,275,452.75,124506.25
2020-08-31,NUCLEUS,255,489.3500061035156,124784.25155639648
2020-08-31,ALKYLAMINE,100,1241.5799560546875,124157.99560546875
2020-08-31,GMMPFAUDLR,66,1864.183349609375,123036.10107421875
2020-08-31,POLYPLEX,178,697.4500122070312,124146.10217285156
2020-08-31,TANLA,545,228.9499969482422,124777.74833679199
2020-08-31,AFFLE,246,506.3399963378906,124559.6390991211
2020-09-30,DEEPAKNTR,152,821.2000122070312,124822.40185546875
2020-09-30,LTIM,49,2543.550048828125,124633.95239257812
2020-09-30,APLAPOLLO,429,291.69000244140625,125135.01104736328
2020-09-30,RAMCOSYS,295,424.5,125227.5
2020-09-30,FSL,1721,72.75,125202.75
2020-09-30,PERSISTENT,186,670.625,124736.25
2020-09-30,APOLLOHOSP,58,2148.050048828125,124586.90283203125
2020-09-30,RELIANCE,121,1031.1522216796875,124769.41882324219
2020-09-30,JBCHEPHARM,253,494.1499938964844,125019.94845581055
2020-09-30,AARTIDRUGS,162,771.2999877929688,124950.59802246094
2020-10-30,JSWSTEEL,427,309.0,131943.0
2020-10-30,ATGL,599,220.5,132079.5
2020-10-30,NAVINFLUOR,58,2241.550048828125,130009.90283203125
2020-10-30,ADANIENT,388,339.70001220703125,131803.60473632812
2020-10-30,BLUEDART,35,3696.300048828125,129370.50170898438
2020-10-30,WIPRO,775,170.35000610351562,132021.2547302246
2020-10-30,SOLARA,116,1137.1500244140625,131909.40283203125
2020-10-30,THYROCARE,115,1148.699951171875,132100.49438476562
2020-10-30,JKCEMENT,71,1851.4000244140625,131449.40173339844
2020-10-30,HCLTECH,156,841.9500122070312,131344.20190429688
2020-11-27,KAJARIACER,216,647.9000244140625,139946.4052734375
2020-11-27,CHOLAFIN,360,388.70001220703125,139932.00439453125
2020-11-27,BALAMINES,139,1001.9500122070312,139271.05169677734
2020-11-27,DHANI,497,281.75,140029.75
2020-11-27,TATASTEEL,2426,57.73500061035156,140065.1114807129
2020-11-27,ALKYLAMINE,87,1606.0,139722.0
2020-11-27,EMAMILTD,318,440.3500061035156,140031.30194091797
2020-11-27,TANLA,228,612.6500244140625,139684.20556640625
2020-11-27,AFFLE,204,683.7000122070312,139474.80249023438
2020-11-27,CGPOWER,3399,41.20000076293945,140038.8025932312
2020-12-31,APLAPOLLO,333,441.5,147019.5
2020-12-31,RAMCOSYS,245,599.75,146938.75
2020-12-31,FSL,1452,101.5,147378.0
2020-12-31,PERSISTENT,194,758.5750122070312,147163.55236816406
2020-12-31,DIVISLAB,38,3841.89990234375,145992.1962890625
2020-12-31,NIITLTD,728,202.25,147238.0
2020-12-31,SAIL,1989,74.0999984741211,147384.89696502686
2020-12-31,SUBEXLTD,5181,28.450000762939453,147399.4539527893
2020-12-31,BORORENEW,490,300.45001220703125,147220.5059814453
2020-12-31,TATACHEM,308,477.3999938964844,147039.1981201172
2020-12-31,HAVELLS,160,916.1500244140625,146584.00390625
2021-01-29,KAJARIACER,184,824.7000122070312,151744.80224609375
2021-01-29,SEQUENT,725,209.75,152068.75
2021-01-29,DHANI,445,341.20001220703125,151834.0054321289
2021-01-29,TRIDENT,10488,14.5,152076.0
2021-01-29,ALKYLAMINE,79,1913.3599853515625,151155.43884277344
2021-01-29,GRASIM,144,1051.4691162109375,151411.552734375
2021-01-29,PCBL,1592,95.5,152036.0
2021-01-29,BEPL,1594,95.4000015258789,152067.60243225098
2021-01-29,EMAMILTD,314,483.04998779296875,151677.6961669922
2021-01-29,ASHOKLEY,2745,55.400001525878906,152073.0041885376
2021-01-29,TATAMOTORS,578,262.70001220703125,151840.60705566406
2021-01-29,ADANIPORTS,298,509.70001220703125,151890.6036376953
2021-02-26,INTELLECT,368,434.04998779296875,159730.3955078125
2021-02-26,DEEPAKNTR,116,1368.6500244140625,158763.40283203125
2021-02-26,POONAWALLA,1357,117.9000015258789,159990.30207061768
2021-02-26,DBL,235,679.4500122070312,159670.75286865234
2021-02-26,NEULANDLAB,78,2026.0,158028.0
2021-02-26,ONMOBILE,1466,109.0999984741211,159940.59776306152
2021-02-26,HINDCOPPER,1067,149.85000610351562,159889.95651245117
2021-02-26,TANLA,178,896.5999755859375,159594.79565429688
2021-02-26,LINDEINDIA,102,1560.199951171875,159140.39501953125
2021-02-26,AFFLE,153,1039.8800048828125,159101.6407470703
2021-02-26,TATACHEM,216,739.5,159732.0
2021-02-26,CGPOWER,2834,56.45000076293945,159979.3021621704
2021-03-31,BALAMINES,99,1759.300048828125,174170.70483398438
2021-03-31,CUMMINSIND,190,919.6500244140625,174733.50463867188
2021-03-31,IIFL,620,281.8500061035156,174747.0037841797
2021-03-31,GRASIM,121,1444.80517578125,174821.42626953125
2021-03-31,JKCEMENT,60,2897.25,173835.0
2021-03-31,GRAPHITE,341,512.0,174592.0
2021-04-30,TATASTEEL,1697,103.4000015258789,175469.8025894165
2021-04-30,JSWSTEEL,244,717.8499755859375,175155.39404296875
2021-04-30,SPLPETRO,482,363.8999938964844,175399.79705810547
2021-04-30,ALKYLAMINE,51,3388.679931640625,172822.67651367188
2021-04-30,EKC,1323,132.64999389648438,175495.94192504883
2021-04-30,SAIL,1468,119.5,175426.0
2021-04-30,VEDL,682,257.25,175444.5
2021-04-30,JINDALSTEL,397,441.5,175275.5
2021-04-30,HINDCOPPER,1133,154.8000030517578,175388.4034576416
2021-04-30,LINDEINDIA,95,1834.699951171875,174296.49536132812
2021-05-31,LAURUSLABS,380,523.75,199025.0
2021-05-31,SHAKTIPUMP,1607,124.07499694824219,199388.5200958252
2021-05-31,TRIVENI,1334,149.4499969482422,199366.29592895508
2021-05-31,LUXIND,64,3105.85009765625,198774.40625
2021-05-31,PERSISTENT,156,1271.4749755859375,198350.09619140625
2021-05-31,TNPETRO,2083,95.75,199447.25
2021-05-31,GPIL,828,240.78750610351562,199372.05505371094
2021-05-31,RPOWER,23060,8.649999618530273,199468.9912033081
2021-05-31,CDSL,403,494.82501220703125,199414.4799194336
2021-05-31,HIKAL,506,393.79998779296875,199262.7938232422
2021-06-30,FSL,1407,186.9499969482422,263038.64570617676
2021-06-30,BAJAJHIND,12925,20.350000381469727,263023.7549304962
2021-06-30,RENUKA,6684,39.349998474121094,263015.3898010254
2021-06-30,JSWENERGY,1568,167.75,263032.0
2021-06-30,SOMANYCERA,428,614.3499755859375,262941.78955078125
2021-06-30,RTNPOWER,32675,8.050000190734863,263033.75623226166
2021-06-30,POLYCAB,133,1975.050048828125,262681.6564941406
2021-06-30,VEEDOL,106,2479.97998046875,262877.8779296875
2021-06-30,DALMIASUG,559,470.0,262730.0
2021-07-30,AMBUJACEM,639,411.1499938964844,262724.8460998535
2021-07-30,ICIL,997,263.3500061035156,262559.9560852051
2021-07-30,COFORGE,258,1016.780029296875,262329.24755859375
2021-07-30,VTL,687,381.92999267578125,262385.9049682617
2021-07-30,NITINSPIN,1070,245.39999389648438,262577.9934692383
2021-07-30,KPRMILL,697,376.6000061035156,262490.2042541504
2021-07-30,FLUOROCHEM,152,1723.8499755859375,262025.1962890625
2021-07-30,TIRUMALCHM,1352,194.1999969482422,262558.39587402344
2021-07-30,SSWL,1930,136.08999633789062,262653.6929321289
2021-07-30,JKLAKSHMI,379,691.9500122070312,262249.05462646484
2021-07-30,GOODLUCK,914,287.45001220703125,262729.31115722656
2021-08-31,CARBORUNIV,353,829.9500122070312,292972.35430908203
2021-08-31,BALAMINES,72,4040.14990234375,290890.79296875
2021-08-31,KNRCON,882,332.3999938964844,293176.7946166992
2021-08-31,DIVISLAB,56,5173.60009765625,289721.60546875
2021-08-31,SAKSOFT,4164,70.44000244140625,293312.1701660156
2021-08-31,MPHASIS,101,2898.10009765625,292708.10986328125
2021-08-31,SRF,144,2027.949951171875,292024.79296875
2021-08-31,APOLLOHOSP,59,4969.5498046875,293203.4384765625
2021-08-31,TECHM,202,1447.6500244140625,292425.3049316406
2021-08-31,COSMOFIRST,331,885.7000122070312,293166.70404052734
2021-08-31,MAXHEALTH,760,385.5,292980.0
2021-08-31,TATACONSUM,339,864.9500122070312,293218.0541381836
2021-09-30,HAPPSTMNDS,195,1379.949951171875,269090.2404785156
2021-09-30,BAJAJHLDNG,55,4808.60009765625,264473.00537109375
2021-09-30,NELCO,373,720.0999755859375,268597.2908935547
2021-09-30,TRIDENT,9611,28.0,269108.0
2021-09-30,MANINFRA,3673,73.26666259765625,269108.4517211914
2021-09-30,IRCTC,354,759.7000122070312,268933.80432128906
2021-09-30,TIRUMALCHM,883,304.75,269094.25
2021-09-30,OIL,1551,173.46665954589844,269046.7889556885
2021-09-30,IEX,1249,215.31666564941406,268930.51539611816
2021-09-30,DMART,63,4250.2001953125,267762.6123046875
2021-09-30,POLYCAB,112,2389.0,267568.0
2021-09-30,CGPOWER,2188,122.94999694824219,269014.5933227539
2021-10-29,LTIM,41,6682.2998046875,273974.2919921875
2021-10-29,ATGL,192,1439.449951171875,276374.390625
2021-10-29,ZENTEC,1318,209.85000610351562,276582.3080444336
2021-10-29,ABB,130,2119.89990234375,275586.9873046875
2021-10-29,SOLARINDS,111,2487.050048828125,276062.5554199219
2021-10-29,BCG,6346,43.58999252319336,276622.09255218506
2021-10-29,RKFORGE,1267,218.27000427246094,276548.095413208
2021-10-29,TTML,5259,52.599998474121094,276623.39197540283
2021-10-29,LTTS,58,4725.0,274050.0
2021-10-29,TATAPOWER,1290,214.3000030517578,276447.0039367676
2021-10-29,TITAN,116,2383.550048828125,276491.8056640625
2021-11-30,ALLCARGO,3501,83.48750305175781,292289.7481842041
2021-11-30,SKFINDIA,75,3877.85009765625,290838.75732421875
2021-11-30,JBMA,1562,187.1199951171875,292281.4323730469
2021-11-30,TANLA,194,1499.25,290854.5
2021-11-30,CENTURYPLY,485,601.5999755859375,291775.9881591797
2021-11-30,TCIEXP,136,2141.64990234375,291264.38671875
2021-11-30,RAYMOND,456,641.0499877929688,292318.79443359375
2021-11-30,KPRMILL,554,527.1500244140625,292041.1135253906
2021-11-30,BRIGADE,581,502.45001220703125,291923.45709228516
2021-11-30,BORORENEW,497,588.1500244140625,292310.56213378906
2021-11-30,IEX,1177,248.1666717529297,292092.17265319824
2021-11-30,RADICO,260,1122.300048828125,291798.0126953125
2021-12-31,UNOMINDA,487,612.4249877929688,298250.9690551758
2021-12-31,BSE,1401,213.1666717529297,298646.5071258545
2021-12-31,KABRAEXTRU,632,472.3500061035156,298525.2038574219
2021-12-31,EKC,1246,239.75,298728.5
2021-12-31,FLUOROCHEM,123,2414.89990234375,297032.68798828125
2021-12-31,STEELXIND,17127,17.44499969482422,298780.5097732544
2021-12-31,GRAVITA,1019,292.95001220703125,298516.06243896484
2021-12-31,TECHM,166,1790.550048828125,297231.30810546875
2021-12-31,LYKALABS,1344,222.3000030517578,298771.2041015625
2021-12-31,MAXHEALTH,674,442.8999938964844,298514.59588623047
2021-12-31,WEBELSOLAR,1908,156.5500030517578,298697.4058227539
2021-12-31,CGPOWER,1535,194.5500030517578,298634.25468444824
2022-01-31,POWERINDIA,108,3121.800048828125,337154.4052734375
2022-01-31,SHARDACROP,580,582.8499755859375,338052.98583984375
2022-01-31,GREENPANEL,649,521.2999877929688,338323.6920776367
2022-01-31,ADANIGREEN,180,1877.8499755859375,338012.99560546875
2022-01-31,ATGL,185,1821.25,336931.25
2022-01-31,RAYMOND,445,760.1500244140625,338266.7608642578
2022-01-31,DEEPAKFERT,594,569.75,338431.5
2022-01-31,POONAWALLA,1192,283.75,338230.0
2022-01-31,SUZLON,30848,10.97265625,338484.5
2022-01-31,TATAPOWER,1375,246.0500030517578,338318.754196167
2022-02-28,GNFC,598,553.0,330694.0
2022-02-28,ANGELONE,247,1335.300048828125,329819.1120605469
2022-02-28,NATIONALUM,2729,121.30000305175781,331027.70832824707
2022-02-28,BUTTERFLY,239,1383.0,330537.0
2022-02-28,VTL,648,510.2200012207031,330622.5607910156
2022-02-28,GMDCLTD,2495,132.64999389648438,330961.7347717285
2022-02-28,SRF,138,2383.64990234375,328943.6865234375
2022-02-28,FCL,20913,15.829999923706055,331052.7884044647
2022-02-28,RHIM,634,521.4000244140625,330567.6154785156
2022-02-28,AMBIKCO,131,2512.5,329137.5
2022-02-28,HINDALCO,577,573.75,331053.75
2022-02-28,TITAN,130,2546.550048828125,331051.50634765625
2022-03-31,SHOPERSTOP,716,470.54998779296875,336913.7912597656
2022-03-31,DWARKESH,2684,125.55000305175781,336976.20819091797
2022-03-31,ADANIPOWER,9105,37.02000045776367,337067.10416793823
2022-03-31,TRIVENI,1083,311.1499938964844,336975.4433898926
2022-03-31,GREENPANEL,575,585.4500122070312,336633.75701904297
2022-03-31,AVADHSUGAR,463,726.9000244140625,336554.71130371094
2022-03-31,CENTURYPLY,470,716.2999877929688,336660.9942626953
2022-03-31,TRIDENT,6318,53.349998474121094,337065.29035949707
2022-03-31,DHAMPURSUG,630,534.7000122070312,336861.0076904297
2022-03-31,RAYMOND,394,854.6500244140625,336732.1096191406
2022-03-31,POLYPLEX,139,2424.89990234375,337061.08642578125
2022-03-31,ATGL,156,2149.800048828125,335368.8076171875
2022-03-31,NIITLTD,542,621.7000122070312,336961.40661621094
2022-03-31,USHAMART,2506,134.5,337057.0
2022-03-31,LINDEINDIA,89,3784.89990234375,336856.09130859375
2022-04-29,ANGELONE,177,1949.199951171875,345008.3913574219
2022-04-29,BLS,3824,90.4124984741211,345737.39416503906
2022-04-29,CHENNPETRO,1238,279.25,345711.5
2022-04-29,ADANIGREEN,119,2882.800048828125,343053.2058105469
2022-04-29,GAEL,2086,165.72500610351562,345702.3627319336
2022-04-29,SCHAEFFLER,149,2307.60009765625,343832.41455078125
2022-04-29,ADANIENT,148,2332.0,345136.0
2022-04-29,DEEPAKFERT,512,674.7999877929688,345497.59375
2022-04-29,BDL,924,374.1000061035156,345668.40563964844
2022-04-29,RENUKA,6427,53.79999923706055,345772.59509658813
2022-04-29,TNPL,1642,210.5500030517578,345723.1050109863
2022-04-29,SWANENERGY,1073,322.25,345774.25
2022-04-29,GHCL,558,619.25,345541.5
2022-05-31,SHARDACROP,431,718.5,309673.5
2022-05-31,VRLLOG,958,323.0,309434.0
2022-05-31,JKIL,1268,244.1999969482422,309645.5961303711
2022-05-31,CREDITACC,289,1071.5,309663.5
2022-05-31,ITC,1144,270.6499938964844,309623.5930175781
2022-05-31,NAVA,3340,92.69999694824219,309617.9898071289
2022-05-31,ATGL,129,2397.89990234375,309329.08740234375
2022-05-31,RAYMOND,315,981.7000122070312,309235.50384521484
2022-05-31,MRPL,3816,81.1500015258789,309668.4058227539
2022-05-31,GOKEX,698,443.70001220703125,309702.6085205078
2022-05-31,HAL,336,919.1500244140625,308834.408203125
2022-06-30,TIMETECHNO,5911,51.5,304416.5
2022-06-30,ELECON,2331,130.5749969482422,304370.31788635254
2022-06-30,VBL,1925,158.11000061035156,304361.75117492676
2022-06-30,TVSMOTOR,361,841.9500122070312,303943.9544067383
2022-06-30,M&M,278,1093.1500244140625,303895.7067871094
2022-06-30,FINEORG,63,4797.89990234375,302267.69384765625
2022-07-29,CUMMINSIND,265,1226.8499755859375,325115.24353027344
2022-07-29,SHOPERSTOP,558,583.4500122070312,325565.10681152344
2022-07-29,ABB,119,2736.14990234375,325601.83837890625
2022-07-29,SCHAEFFLER,117,2780.5,325318.5
2022-07-29,BLUEDART,37,8587.4501953125,317735.6572265625
2022-07-29,ADANIENT,126,2569.199951171875,323719.19384765625
2022-07-29,APARINDS,290,1123.5999755859375,325843.9929199219
2022-07-29,PCJEWELLER,69609,4.684999942779541,326118.16101694107
2022-07-29,TIMKEN,109,2971.5,323893.5
2022-07-29,CGPOWER,1454,224.14999389648438,325914.0911254883
2022-08-30,SKFINDIA,73,4854.64990234375,354389.44287109375
2022-08-30,GESHIP,626,569.6500244140625,356600.9152832031
2022-08-30,BEL,3493,102.16666412353516,356868.1577835083
2022-08-30,KPIGREEN,3493,102.16666412353516,356868.1577835083
2022-08-30,NDTV,756,471.5,356454.0
2022-08-30,FCL,12952,27.55500030517578,356892.3639526367
2022-08-30,VINYLINDIA,720,495.3999938964844,356687.99560546875
2022-08-30,WSTCSTPAPR,564,631.8499755859375,356363.38623046875
2022-09-30,TATAINVEST,1569,230.27000427246094,361293.6367034912
2022-09-30,AMBUJACEM,701,515.5999755859375,361435.5828857422
2022-09-30,SHOPERSTOP,483,748.1500244140625,361356.4617919922
2022-09-30,COCHINSHIP,1639,220.5,361399.5
2022-09-30,INDHOTEL,1089,331.70001220703125,361221.31329345703
2022-09-30,DEEPAKFERT,411,878.8499755859375,361207.3399658203
2022-09-30,MAZDOCK,1464,246.72500610351562,361205.4089355469
2022-09-30,SOLARINDS,92,3916.800048828125,360345.6044921875
2022-09-30,HAL,308,1172.425048828125,361106.9150390625
2022-09-30,KARURVYSYA,5321,67.91666412353516,361384.56980133057
2022-09-30,RAJRATAN,300,1203.9000244140625,361170.00732421875
2022-09-30,FINEORG,51,6977.60009765625,355857.60498046875
2022-10-31,TRITURBINE,1474,279.79998779296875,412425.18200683594
2022-10-31,INDIANB,1624,253.89999389648438,412333.5900878906
2022-10-31,SOUTHBANK,30112,13.699999809265137,412534.3942565918
2022-10-31,KRBL,1033,399.25,412425.25
2022-10-31,M&M,305,1348.5999755859375,411322.99255371094
2022-10-31,DLINKINDIA,1515,272.29998779296875,412534.48150634766
2022-10-31,KALYANKJIL,4024,102.5,412460.0
2022-10-31,RITES,2136,193.10000610351562,412461.6130371094
2022-11-30,ELECON,1733,229.4499969482422,397636.8447113037
2022-11-30,BANKINDIA,4831,82.30000305175781,397591.314743042
2022-11-30,KTKBANK,2756,144.25,397553.0
2022-11-30,GODFRYPHLP,660,601.6500244140625,397089.01611328125
2022-11-30,IRFC,12123,32.79999923706055,397634.390750885
2022-11-30,UCOBANK,20082,19.799999237060547,397623.5846786499
2022-11-30,HONDAPOWER,148,2669.64990234375,395108.185546875
2022-11-30,RVNL,5366,74.0999984741211,397620.5918121338
2022-11-30,KIRLOSENG,1198,331.79998779296875,397496.38537597656
2022-11-30,UNIONBANK,4870,81.6500015258789,397635.5074310303
2022-11-30,CGPOWER,1422,279.6000061035156,397591.2086791992
2022-11-30,LEMONTREE,3940,100.9000015258789,397546.0060119629
2022-11-30,BANKBARODA,2391,166.25,397503.75
2022-12-30,AXISBANK,431,933.75,402446.25
2022-12-30,FACT,1078,373.3500061035156,402471.30657958984
2022-12-30,ABCAPITAL,2681,150.1999969482422,402686.1918182373
2022-12-30,CANBK,6041,66.66000366210938,402693.08212280273
2022-12-30,J&KBANK,7102,56.70000076293945,402683.405418396
2022-12-30,PSB,11932,33.75,402705.0
2022-12-30,UGARSUGAR,3919,102.75,402677.25
2022-12-30,RBLBANK,2244,179.39999389648438,402573.58630371094
2023-01-31,RICOAUTO,4228,89.05000305175781,376503.41290283203
2023-01-31,IRFC,11393,33.04999923706055,376538.6413078308
2023-01-31,CIEINDIA,953,394.75,376196.75
2023-01-31,SURYAROSNI,2336,161.16250610351562,376475.6142578125
2023-01-31,JINDALSAW,6017,62.57500076293945,376513.7795906067
2023-01-31,JINDALSTEL,645,583.5499877929688,376389.74212646484
2023-01-31,GRAVITA,726,518.6500244140625,376539.9177246094
2023-01-31,SWANENERGY,1139,330.5,376439.5
2023-01-31,CGPOWER,1244,302.45001220703125,376247.8151855469
2023-01-31,SUNFLAG,2755,136.64999389648438,376470.73318481445
2023-02-28,CUMMINSIND,230,1570.0999755859375,361122.9943847656
2023-02-28,CERA,55,6513.10009765625,358220.50537109375
2023-02-28,M&MFIN,1435,251.8000030517578,361333.00437927246
2023-02-28,SONATSOFTW,995,363.1499938964844,361334.24392700195
2023-02-28,ITC,959,376.70001220703125,361255.31170654297
2023-02-28,PERSISTENT,150,2396.550048828125,359482.50732421875
2023-02-28,ZENTEC,1371,263.6000061035156,361395.6083679199
2023-02-28,EQUITASBNK,5057,71.5,361575.5
2023-02-28,APARINDS,157,2299.699951171875,361052.8923339844
2023-02-28,VBL,1389,260.1499938964844,361348.3415222168
2023-02-28,FINCABLES,512,705.7000122070312,361318.40625
2023-02-28,POLYCAB,117,3081.35009765625,360517.96142578125
2023-02-28,SUPREMEIND,130,2761.35009765625,358975.5126953125
2023-02-28,SIEMENS,189,1905.7525634765625,360187.2344970703
2023-02-28,PNBHOUSING,731,494.6251220703125,361570.96423339844
2023-03-31,TRITURBINE,1079,333.1499938964844,359468.84341430664
2023-03-31,ACE,883,406.8999938964844,359292.6946105957
2023-03-31,JBMA,1116,322.0,359352.0
2023-03-31,ABB,106,3365.14990234375,356705.8896484375
2023-03-31,NCC,3388,106.0999984741211,359466.79483032227
2023-03-31,USHAMART,1676,214.5,359502.0
2023-03-31,KIRLOSENG,907,396.1000061035156,359262.7055358887
2023-03-31,BOSCHLTD,18,19369.900390625,348658.20703125
2023-03-31,PFC,2961,121.4000015258789,359465.40451812744
2023-03-31,GPPL,3087,116.44999694824219,359481.14057922363
2023-04-28,ABCAPITAL,2234,167.1999969482422,373524.79318237305
2023-04-28,SAKSOFT,2332,160.1999969482422,373586.3928833008
2023-04-28,SURYAROSNI,1871,199.6875,373615.3125
2023-04-28,GLENMARK,663,563.4500122070312,373567.3580932617
2023-04-28,BAJAJ-AUTO,84,4431.9501953125,372283.81640625
2023-04-28,CYIENT,316,1179.949951171875,372864.1845703125
2023-04-28,OFSS,104,3561.85009765625,370432.41015625
2023-04-28,KEI,197,1895.050048828125,373324.8596191406
2023-05-31,CHOLAFIN,381,1050.9000244140625,400392.9093017578
2023-05-31,ANURAS,343,1166.0,399938.0
2023-05-31,ITDCEM,2453,163.35000610351562,400697.5649719238
2023-05-31,ZENTEC,1076,372.3999938964844,400702.3934326172
2023-05-31,NUCLEUS,393,1017.4500122070312,399857.8547973633
2023-05-31,APTECHT,987,405.8214416503906,400545.76290893555
2023-05-31,IDFCFIRSTB,5593,71.6500015258789,400738.4585342407
2023-05-31,AGI,700,572.0,400400.0
2023-05-31,ABB,97,4125.89990234375,400212.29052734375
2023-05-31,RVNL,3340,120.0,400800.0
2023-05-31,AURIONPRO,1051,381.17498779296875,400614.91217041016
2023-05-31,INDHOTEL,1028,389.70001220703125,400611.6125488281
2023-05-31,POWERMECH,252,1588.8499755859375,400390.19384765625
2023-05-31,RKFORGE,1032,388.25,400674.0
2023-05-31,CGPOWER,1020,392.8500061035156,400707.00622558594
2023-06-30,PFC,2457,172.72000122070312,424373.0429992676
2023-06-30,ELECTCAST,7092,59.849998474121094,424456.1891784668
2023-06-30,LTF,3324,127.69999694824219,424474.78985595703
2023-06-30,ANANTRAJ,2393,177.35000610351562,424398.5646057129
2023-06-30,JBMA,634,668.625,423908.25
2023-06-30,RECLTD,2578,164.64999389648438,424467.6842651367
2023-06-30,GLENMARK,627,676.0,423852.0
2023-06-30,JWL,2442,173.8000030517578,424419.6074523926
2023-06-30,MANINFRA,3723,114.0,424422.0
2023-06-30,CANFINHOME,546,777.3499755859375,424433.0866699219
2023-06-30,TATAMOTORS,712,595.5499877929688,424031.59130859375
2023-06-30,HAL,223,1896.25,422863.75
2023-06-30,SAKSOFT,1720,246.72000122070312,424358.4020996094
2023-06-30,MAZDOCK,681,623.2000122070312,424399.2083129883
2023-07-31,SDBL,3333,133.55999755859375,445155.47186279297
2023-07-31,ANANDRATHI,765,581.7000122070312,445000.5093383789
2023-07-31,ZENSARTECH,895,497.3999938964844,445172.9945373535
2023-07-31,ACE,616,721.5499877929688,444474.79248046875
2023-07-31,PREMEXPLN,2203,202.0500030517578,445116.15672302246
2023-07-31,UJJIVANSFB,9236,48.20000076293945,445175.2070465088
2023-07-31,ZENTEC,720,617.6500244140625,444708.017578125
2023-07-31,POWERMECH,192,2307.324951171875,443006.390625
2023-07-31,USHAMART,1319,337.5,445162.5
2023-07-31,THANGAMAYL,350,1270.0999755859375,444534.9914550781
2023-07-31,POLYCAB,92,4816.7998046875,443145.58203125
2023-08-31,JAIBALAJI,9742,54.06999969482422,526749.9370269775
2023-08-31,GENUSPOWER,2037,258.6000061035156,526768.2124328613
2023-08-31,BSE,1487,354.25,526769.75
2023-08-31,SKMEGGPROD,1088,484.1499938964844,526755.193359375
2023-08-31,ANANTRAJ,2399,219.5,526580.5
2023-08-31,HSCL,2347,224.4499969482422,526784.1428375244
2023-08-31,JWL,1534,343.3500061035156,526698.909362793
2023-08-31,APARINDS,105,5008.4501953125,525887.2705078125
2023-08-31,PRAKASH,4588,114.80000305175781,526702.4140014648
2023-08-31,TEXRAIL,3613,145.8000030517578,526775.411026001
2023-08-31,SUPREMEIND,118,4457.7001953125,526008.623046875
2023-08-31,KALYANKJIL,2092,251.8000030517578,526765.6063842773
2023-09-29,IRFC,6339,76.55000305175781,485250.4693450928
2023-09-29,UJJIVANSFB,8970,54.099998474121094,485276.9863128662
2023-09-29,RESPONIND,1382,351.1499938964844,485289.2915649414
2023-09-29,CHOLAHLDNG,418,1160.449951171875,485068.07958984375
2023-09-29,SAFARI,247,1957.949951171875,483613.6379394531
2023-09-29,GRAVITA,533,910.1500244140625,485109.9630126953
2023-09-29,ASHAPURMIN,1670,290.5,485135.0
2023-09-29,SUZLON,18809,25.799999237060547,485272.1856498718
2023-10-31,ANANDRATHI,552,954.5499877929688,526911.5932617188
2023-10-31,APOLLO,5772,91.4000015258789,527560.808807373
2023-10-31,JINDALSAW,2382,221.4499969482422,527493.8927307129
2023-10-31,WONDERLA,618,853.2000122070312,527277.6075439453
2023-10-31,CUPID,16790,31.420000076293945,527541.8012809753
2023-10-31,SOLARINDS,95,5500.5,522547.5
2023-10-31,GABRIEL,1575,334.79998779296875,527309.9807739258
2023-10-31,ITI,1954,269.8999938964844,527384.5880737305
2023-10-31,EMIL,2773,190.25,527563.25
2023-10-31,KALYANKJIL,1827,288.70001220703125,527454.9223022461
2023-11-30,AUROPHARMA,606,1041.550048828125,631179.3295898438
2023-11-30,ANGELONE,205,3067.25,628786.25
2023-11-30,NIACL,2475,255.1999969482422,631619.9924468994
2023-11-30,ELECTCAST,5366,117.69999694824219,631578.1836242676
2023-11-30,MEDANTA,659,957.3499755859375,630893.6339111328
2023-11-30,PRESTIGE,629,1002.9000244140625,630824.1153564453
2023-11-30,TRENT,226,2787.0,629862.0
2023-11-30,WELCORP,1190,530.3499755859375,631116.4709472656
2023-11-30,MCX,197,3195.35009765625,629483.9692382812
2023-11-30,MARKSANS,3797,166.35000610351562,631630.9731750488
2023-11-30,TVSMOTOR,338,1864.5,630201.0
2023-11-30,CDSL,667,946.9000244140625,631582.3162841797
2023-12-29,INOXWIND,5153,124.9375,643802.9375
2023-12-29,NMDC,9213,69.88333129882812,643835.1312561035
2023-12-29,DLF,886,726.4000244140625,643590.4216308594
2023-12-29,NLCINDIA,2540,253.4499969482422,643762.9922485352
2023-12-29,NTPC,2069,311.1499938964844,643769.3373718262
2023-12-29,BAJAJ-AUTO,94,6797.25,638941.5
2023-12-29,TARC,4744,135.6999969482422,643760.7855224609
2023-12-29,ALKEM,123,5202.60009765625,639919.8120117188
2023-12-29,HAL,229,2804.0,642116.0
2023-12-29,MANGLMCEM,862,746.1500244140625,643181.3210449219
2023-12-29,GALLANTT,3580,179.8000030517578,643684.010925293
2024-01-31,BHEL,3147,228.25,718302.75
2024-01-31,IFCI,11769,61.04999923706055,718497.4410209656
2024-01-31,ARVIND,2281,315.0,718515.0
2024-01-31,MANINDS,1643,437.1000061035156,718155.3100280762
2024-01-31,ELECTCAST,4103,175.10000610351562,718435.3250427246
2024-01-31,ANANDRATHI,469,1529.125,717159.625
2024-01-31,IRFC,4102,175.14999389648438,718465.2749633789
2024-01-31,MEDANTA,625,1148.300048828125,717687.5305175781
2024-01-31,PERSISTENT,172,4176.5751953125,718370.93359375
2024-01-31,UNITECH,43946,16.350000381469727,718517.1167640686
2024-01-31,TATAMOTORS,812,884.2000122070312,717970.4099121094
2024-01-31,WEBELSOLAR,1943,369.75,718424.25
2024-01-31,NBCC,8325,86.30000305175781,718447.5254058838
2024-01-31,GLAXO,319,2249.89990234375,717718.0688476562
2024-02-29,INOXWIND,4798,150.6999969482422,723058.585357666
2024-02-29,TATAINVEST,993,728.0850219726562,722988.4268188477
2024-02-29,ANANTRAJ,2066,350.0,723100.0
2024-02-29,SCHNEIDER,1134,637.2000122070312,722584.8138427734
2024-02-29,BEL,3526,205.10000610351562,723182.6215209961
2024-02-29,KPIGREEN,1246,580.0499877929688,722742.2847900391
2024-02-29,SARVESHWAR,53969,13.399999618530273,723184.5794124603
2024-02-29,KIRLOSENG,791,913.2999877929688,722420.2903442383
2024-02-29,SWANENERGY,970,745.2000122070312,722844.0118408203
2024-02-29,BOSCHLTD,25,28590.849609375,714771.240234375
2024-02-29,ETERNAL,4371,165.4499969482422,723181.9366607666
2024-02-29,TATACONSUM,607,1190.050048828125,722360.3796386719
2024-02-29,SUNPHARMA,458,1577.949951171875,722701.0776367188
2024-03-28,CUMMINSIND,229,3006.25,688431.25
2024-03-28,ELECTCAST,3872,178.1999969482422,689990.3881835938
2024-03-28,EIHOTEL,1535,449.5,689982.5
2024-03-28,CANBK,5937,116.20999908447266,689938.7645645142
2024-03-28,CHALET,781,883.2999877929688,689857.2904663086
2024-03-28,INDHOTEL,1167,591.1500244140625,689872.0784912109
2024-03-28,BHARTIARTL,561,1228.5999755859375,689244.5863037109
2024-03-28,OIL,1724,400.1666564941406,689887.3157958984
2024-03-28,TORNTPOWER,508,1357.949951171875,689838.5751953125
2024-03-28,OFSS,78,8774.099609375,684379.76953125
2024-04-30,INOXWIND,4504,156.89999389648438,706677.5725097656
2024-04-30,BHEL,2508,281.70001220703125,706503.6306152344
2024-04-30,POWERINDIA,73,9578.75,699248.75
2024-04-30,DIXON,84,8341.75,700707.0
2024-04-30,TARIL,2253,313.54998779296875,706428.1224975586
2024-04-30,BEL,3023,233.75,706626.25
2024-04-30,WEBELSOLAR,1037,681.0499877929688,706248.8373413086
2024-04-30,HAL,179,3939.35009765625,705143.6674804688
2024-04-30,SIEMENS,206,3429.074951171875,706389.4399414062
2024-05-31,MOTHERSON,7536,100.83333587646484,759880.0191650391
2024-05-31,SHAKTIPUMP,1836,413.82501220703125,759782.7224121094
2024-05-31,ABB,91,8317.9501953125,756933.4677734375
2024-05-31,COCHINSHIP,390,1947.6500244140625,759583.5095214844
2024-05-31,BDL,487,1557.3499755859375,758429.4381103516
2024-05-31,BHARTIARTL,553,1372.75,759130.75
2024-05-31,KIRLOSENG,609,1246.0999755859375,758874.8851318359
2024-05-31,RTNPOWER,39683,19.149999618530273,759929.4348621368
2024-05-31,M&M,303,2506.25,759393.75
2024-05-31,HUDCO,2775,273.79998779296875,759794.9661254883
2024-05-31,HAVELLS,398,1907.300048828125,759105.4194335938
2024-06-28,EXIDEIND,1402,564.5,791429.0
2024-06-28,PREMEXPLN,1060,746.5499877929688,791342.9870605469
2024-06-28,ITDCEM,1506,525.6500244140625,791628.9367675781
2024-06-28,SHARDAMOTR,359,2202.199951171875,790589.7824707031
2024-06-28,JWL,1148,689.25,791259.0
2024-06-28,VEEDOL,345,2291.25,790481.25
2024-06-28,BLUESTARCO,484,1634.550048828125,791122.2236328125
2024-07-31,MARINE,3090,261.1099853515625,806829.8547363281
2024-07-31,GVT&D,509,1585.050048828125,806790.4748535156
2024-07-31,NAVA,1764,457.45001220703125,806941.8215332031
2024-07-31,ZENTEC,473,1705.1500244140625,806535.9615478516
2024-07-31,WALCHANNAG,1926,418.8900146484375,806782.1682128906
2024-07-31,GLENMARK,549,1468.75,806343.75
2024-07-31,KIRLOSBROS,331,2437.0,806647.0
2024-07-31,OIL,1397,577.5499877929688,806837.3329467773
2024-07-31,PGEL,1815,444.5,806767.5
2024-07-31,SUZLON,11631,69.37999725341797,806958.7480545044
2024-07-31,OFSS,73,11044.849609375,806274.021484375
2024-07-31,KALYANKJIL,1392,579.4000244140625,806524.833984375
2024-08-30,GRANULES,1091,718.0999755859375,783447.0733642578
2024-08-30,GMRP&UI,5681,137.91000366210938,783466.7308044434
2024-08-30,ERIS,564,1388.199951171875,782944.7724609375
2024-08-30,COLPAL,215,3640.35009765625,782675.2709960938
2024-08-30,STAR,584,1340.050048828125,782589.228515625
2024-08-30,PCBL,1602,488.8999938964844,783217.790222168
2024-08-30,SHAILY,743,1054.550048828125,783530.6862792969
2024-08-30,AURIONPRO,405,1932.5,782662.5
2024-08-30,PCJEWELLER,70672,11.086999893188477,783540.456451416
2024-08-30,WEBELSOLAR,826,948.2999877929688,783295.7899169922
2024-08-30,WOCKPHARMA,745,1050.5999755859375,782696.9818115234
2024-09-30,PPLPHARMA,3707,229.00999450683594,848940.0496368408
2024-09-30,ANANTRAJ,1205,704.4000244140625,848802.0294189453
2024-09-30,HSCL,1283,661.6500244140625,848896.9813232422
2024-09-30,MCX,149,5660.2998046875,843384.6708984375
2024-09-30,BAJAJ-AUTO,68,12345.9501953125,839524.61328125
2024-09-30,SARDAEN,1916,443.0,848788.0
2024-09-30,OPTIEMUS,1041,815.3499755859375,848779.3245849609
2024-09-30,POCL,870,975.125,848358.75
2024-09-30,SUNPHARMA,440,1926.699951171875,847747.978515625
2024-10-31,JUBLPHARMA,616,1211.75,746438.0
2024-10-31,NEULANDLAB,51,14606.599609375,744936.580078125
2024-10-31,DIVISLAB,126,5889.64990234375,742095.8876953125
2024-10-31,POLYMED,259,2874.300048828125,744443.7126464844
2024-10-31,GRWRHITECH,182,4086.199951171875,743688.3911132812
2024-10-31,KITEX,3835,194.6999969482422,746674.4882965088
2024-10-31,ANUP,214,3481.60009765625,745062.4208984375
2024-10-31,WABAG,420,1777.949951171875,746738.9794921875
2024-10-31,WOCKPHARMA,617,1208.3499755859375,745551.9349365234
2024-10-31,TIPSMUSIC,840,888.6500244140625,746466.0205078125
2024-11-29,SHARDACROP,1127,805.8499755859375,908192.9224853516
2024-11-29,DIXON,57,15807.400390625,901021.822265625
2024-11-29,WINDMACHIN,2652,342.6400146484375,908681.3188476562
2024-11-29,BBOX,1444,628.9500122070312,908203.8176269531
2024-11-29,COFORGE,523,1737.1700439453125,908539.9329833984
2024-11-29,E2E,204,4437.89990234375,905331.580078125
2024-11-29,AVALON,941,964.9000244140625,907970.9229736328
2024-11-29,SHAILY,700,1297.3499755859375,908144.9829101562
2024-11-29,PIXTRANS,357,2545.449951171875,908725.6325683594
2024-12-31,SHAKTIPUMP,761,1067.5999755859375,812443.5814208984
2024-12-31,ANANTRAJ,949,855.3499755859375,811727.1268310547
2024-12-31,GVT&D,391,2075.89990234375,811676.8618164062
2024-12-31,ZENTEC,332,2445.64990234375,811955.767578125
2024-12-31,LLOYDSME,659,1231.8499755859375,811789.1339111328
2024-12-31,KERNEX,603,1345.800048828125,811517.4294433594
2024-12-31,KFINTECH,528,1537.25,811668.0
2024-12-31,63MOONS,898,904.4000244140625,812151.2219238281
2024-12-31,INDHOTEL,925,877.5499877929688,811733.7387084961
2024-12-31,PAYTM,798,1017.8499755859375,812244.2805175781
2024-12-31,CARTRADE,546,1485.699951171875,811192.1733398438
2024-12-31,POLICYBZR,385,2108.85009765625,811907.2875976562
2025-01-31,JINDRILL,864,907.75,784296.0
2025-01-31,TI,2134,367.5,784245.0
2025-01-31,LAURUSLABS,1343,584.0499877929688,784379.133605957
2025-01-31,BLUEJET,1045,750.4500122070312,784220.2627563477
2025-01-31,BSE,443,1768.6500244140625,783511.9608154297
2025-01-31,NEULANDLAB,55,14123.349609375,776784.228515625
2025-01-31,AEROFLEX,3233,242.64999389648438,784487.430267334
2025-01-31,POKARNA,602,1302.3499755859375,784014.6853027344
2025-01-31,GANESHHOUC,579,1354.699951171875,784371.2717285156
2025-01-31,JUBLFOOD,1114,703.9000244140625,784144.6271972656
2025-01-31,SARDAEN,1658,473.20001220703125,784565.6202392578
2025-01-31,PGIL,554,1414.0,783356.0
2025-01-31,GREAVESCOT,2950,265.95001220703125,784552.5360107422
2025-01-31,BAJAJHCARE,1228,638.5,784078.0
2025-01-31,MUTHOOTFIN,347,2258.800048828125,783803.6169433594
2025-02-28,CAMLINFINE,4610,142.80999755859375,658354.0887451172
2025-02-28,SBICARD,784,838.7999877929688,657619.1904296875
2025-02-28,BLUESTARCO,343,1917.6500244140625,657753.9583740234
2025-02-28,BAJAJHLDNG,56,11574.349609375,648163.578125
2025-02-28,KOTAKBANK,346,1902.949951171875,658420.6831054688
2025-02-28,FSL,1902,346.0,658092.0
2025-02-28,CHAMBLFERT,1233,533.7000122070312,658052.1150512695
2025-02-28,NAVINFLUOR,175,3762.25,658393.75
2025-02-28,SRF,235,2795.39990234375,656918.9770507812
2025-02-28,BAJFINANCE,771,853.030029296875,657686.1525878906
2025-02-28,JINDWORLD,7961,82.69999694824219,658374.675704956
2025-02-28,PGEL,828,794.7999877929688,658094.3898925781
2025-02-28,AVANTIFEED,950,692.6500244140625,658017.5231933594
2025-03-28,JSWSTEEL,676,1063.199951171875,718723.1669921875
2025-03-28,NACLIND,7068,101.77999877929688,719381.0313720703
2025-03-28,LLOYDSME,558,1287.25,718285.5
2025-03-28,JSWHL,31,22985.849609375,712561.337890625
2025-03-28,SARDAEN,1399,513.9000244140625,718946.1341552734
2025-03-28,UPL,1130,636.25,718962.5
2025-03-28,SHREECEM,23,30502.94921875,701567.83203125
2025-03-28,MAZDOCK,272,2643.800048828125,719113.61328125
2025-03-28,WOCKPHARMA,505,1424.4000244140625,719322.0123291016
2025-04-30,MANAPPURAM,2996,230.85000610351562,691626.6182861328
2025-04-30,ASTRAZEN,79,8681.0,685799.0
2025-04-30,ICICIBANK,484,1427.0,690668.0
2025-04-30,COROMANDEL,312,2214.199951171875,690830.384765625
2025-04-30,BHARTIHEXA,409,1689.0999755859375,690841.8900146484
2025-04-30,INDIASHLTR,798,866.75,691666.5
2025-04-30,BHARTIARTL,370,1864.5,689865.0
2025-04-30,VIMTALABS,1384,499.45001220703125,691238.8168945312
2025-04-30,VADILALIND,109,6325.7998046875,689512.1787109375
2025-05-30,APOLLO,3917,188.9199981689453,739999.6328277588
2025-05-30,ITDCEM,1035,714.8499755859375,739869.7247314453
2025-05-30,KITEX,2483,297.9599914550781,739834.658782959
2025-05-30,SHAILY,366,2016.800048828125,738148.8178710938
2025-05-30,ASTERDM,1323,559.2999877929688,739953.8838500977
2025-05-30,MFSL,492,1502.699951171875,739328.3759765625
2025-05-30,SOLARINDS,45,16104.0,724680.0
2025-05-30,POWERINDIA,38,19298.0,733324.0
2025-05-30,BSE,276,2674.0,738024.0
2025-05-30,PARADEEP,4295,172.27999877929688,739942.5947570801
2025-05-30,MANGCHEFER,2797,264.55999755859375,739974.3131713867
2025-05-30,BEL,1924,384.6000061035156,739970.4117431641
2025-05-30,AIIL,311,2379.199951171875,739931.1848144531
2025-05-30,BDL,367,2015.5,739688.5
2025-05-30,ANURAS,736,1004.75,739496.0
2025-05-30,INDIAGLYCO,782,946.25,739967.5
2025-06-30,AXISCADES,504,1480.9000244140625,746373.6123046875
2025-06-30,CARERATING,418,1788.199951171875,747467.5795898438
2025-06-30,HDFCLIFE,918,814.2999877929688,747527.3887939453
2025-06-30,NDRAUTO,647,1154.1500244140625,746735.0657958984
2025-06-30,DEEPAKFERT,437,1707.4000244140625,746133.8106689453
2025-06-30,BHARTIARTL,372,2009.5999755859375,747571.1909179688
2025-06-30,RPOWER,10635,70.29000091552734,747534.1597366333
2025-06-30,GRMOVER,2061,362.6000061035156,747318.6125793457
2025-06-30,JKCEMENT,121,6150.0,744150.0
2025-06-30,LUMAXTECH,635,1176.0999755859375,746823.4844970703
2025-07-31,LAURUSLABS,843,874.3499755859375,737077.0294189453
2025-07-31,HDFCAMC,130,5650.0,734500.0
2025-07-31,GLENMARK,345,2134.10009765625,736264.5336914062
2025-07-31,CUPID,4890,150.88999938964844,737852.0970153809
2025-07-31,GALLANTT,963,766.2000122070312,737850.6117553711
2025-07-31,SHARDACROP,648,1137.550048828125,737132.431640625
2025-07-31,NESCO,535,1378.5999755859375,737550.9869384766
2025-07-31,ANANDRATHI,278,2645.60009765625,735476.8271484375
2025-07-31,EIDPARRY,598,1233.5,737633.0
2025-07-31,PARADEEP,3425,215.44000244140625,737882.0083618164
2025-07-31,GVT&D,270,2726.800048828125,736236.0131835938
2025-07-31,MANGCHEFER,2085,353.8500061035156,737777.2627258301
2025-07-31,FORTIS,860,857.4500122070312,737407.0104980469
2025-07-31,SMLISUZU,223,3306.0,737238.0
2025-07-31,TFCILTD,12538,58.847999572753906,737836.2186431885
2025-07-31,SHANKARA,634,1162.4000244140625,736961.6154785156
2025-07-31,THYROCARE,556,1325.9000244140625,737200.4135742188
2025-07-31,GABRIEL,711,1037.25,737484.75
2025-08-29,LTF,3117,217.16000366210938,676887.7314147949
2025-08-29,APOLLO,2575,262.7900085449219,676684.2720031738
2025-08-29,SYRMA,898,753.25,676418.5
2025-08-29,PAYTM,560,1207.0,675920.0
2025-08-29,BOSCHLTD,16,39960.0,639360.0
2025-08-29,MFSL,422,1602.199951171875,676128.3793945312
2025-08-29,CARTRADE,282,2398.0,676236.0
2025-08-29,LUMAXTECH,576,1174.699951171875,676627.171875
2025-08-29,IXIGO,2503,270.3800048828125,676761.1522216797
2025-08-29,YATHARTH,973,695.0499877929688,676283.6381225586
2025-09-30,MARUTI,43,16029.0,689247.0
2025-09-30,IMFA,622,1108.05,689207.1
2025-09-30,TATAINVEST,668,1033.0,690044.0
2025-09-30,ANANDRATHI,244,2826.8,689739.2000000001
2025-09-30,BANCOINDIA,831,830.4,690062.4
2025-09-30,NETWEB,189,3648.5,689566.5
2025-09-30,GMDCLTD,1152,599.05,690105.6
2025-09-30,FEDFINA,4469,154.42,690102.98
2025-09-30,ASHAPURMIN,1060,651.0,690060.0
2025-10-31,TDPOWERSYS,888,774.9,688111.2
2025-10-31,CUMMINSIND,158,4344.1,686367.8
2025-10-31,MTARTECH,270,2548.1,687987.0
2025-10-31,INDIANB,801,858.7,687818.7000000001
2025-10-31,ABCAPITAL,2124,324.2,688600.7999999999
2025-10-31,CANBK,5026,136.99,688511.74
2025-10-31,GPIL,2426,283.74,688353.24
2025-10-31,ABDL,1040,662.05,688532.0
2025-10-31,TVSMOTOR,196,3508.7,687705.2
2025-10-31,CARTRADE,228,3019.5,688446.0
2025-10-31,RBLBANK,2110,326.35,688598.5
2025-11-28,IMFA,528,1348.1,711796.7999999999
2025-11-28,LAURUSLABS,690,1031.35,711631.4999999999
2025-11-28,M&MFIN,1914,371.85,711720.9
2025-11-28,LGBBROSLTD,363,1961.5,712024.5
2025-11-28,SHRIRAMFIN,836,851.65,711979.4
2025-11-28,MCX,70,10073.5,705145.0
2025-11-28,SBIN,727,979.0,711733.0
2025-11-28,FEDERALBNK,2760,257.92,711859.2000000001
2025-11-28,GRMOVER,1516,469.45,711686.2
2025-11-28,LUMAXTECH,463,1536.3,711306.9
2025-11-28,HEROMOTOCO,115,6174.5,710067.5
2025-11-28,MUTHOOTFIN,190,3744.2,711398.0
2025-12-29,NATIONALUM,2011,301.25,605813.75
2025-12-29,JKTYRE,1211,500.0,605500.0
2025-12-29,INFOBEAN,766,790.0,605140.0
2025-12-29,CUB,2014,300.75,605710.5
2025-12-29,VEDL,1021,593.15,605606.15
2025-12-29,HINDCOPPER,1244,486.75,605517.0
2025-12-29,ASHAPURMIN,680,890.0,605200.0
2025-12-29,ASHOKLEY,3468,174.7,605859.6
